ano,mes,dia,faturamento,data
2023,1,1,0.0,2023-01-01
2023,1,2,339.88,2023-01-02
2023,1,3,181.89,2023-01-03
2023,1,4,49.99,2023-01-04
2023,1,5,84.99,2023-01-05
2023,1,6,344.98,2023-01-06
2023,1,7,329.99,2023-01-07
2023,1,8,0.0,2023-01-08
2023,1,9,0.0,2023-01-09
2023,1,10,270.99,2023-01-10
2023,1,11,259.89,2023-01-11
2023,1,12,303.88,2023-01-12
2023,1,13,1344.92,2023-01-13
2023,1,14,319.99,2023-01-14
2023,1,15,0.0,2023-01-15
2023,1,16,404.97,2023-01-16
2023,1,17,210.0,2023-01-17
2023,1,18,188.9,2023-01-18
2023,1,19,95.0,2023-01-19
2023,1,20,219.98,2023-01-20
2023,1,21,534.97,2023-01-21
2023,1,22,0.0,2023-01-22
2023,1,23,95.0,2023-01-23
2023,1,24,95.0,2023-01-24
2023,1,25,95.0,2023-01-25
2023,1,26,1033.92,2023-01-26
2023,1,27,289.98,2023-01-27
2023,1,28,677.98,2023-01-28
2023,1,29,0.0,2023-01-29
2023,1,30,14.0,2023-01-30
2023,1,31,250.98,2023-01-31
2023,2,1,303.99,2023-02-01
2023,2,2,304.99,2023-02-02
2023,2,3,795.92,2023-02-03
2023,2,4,917.97,2023-02-04
2023,2,5,0.0,2023-02-05
2023,2,6,426.88,2023-02-06
2023,2,7,331.87,2023-02-07
2023,2,8,350.97,2023-02-08
2023,2,9,179.99,2023-02-09
2023,2,10,337.99,2023-02-10
2023,2,11,1341.92,2023-02-11
2023,2,12,0.0,2023-02-12
2023,2,13,527.97,2023-02-13
2023,2,14,599.97,2023-02-14
2023,2,15,531.96,2023-02-15
2023,2,16,496.99,2023-02-16
2023,2,17,889.98,2023-02-17
2023,2,18,1000.85,2023-02-18
2023,2,19,0.0,2023-02-19
2023,2,20,69.99,2023-02-20
2023,2,21,0.0,2023-02-21
2023,2,22,95.0,2023-02-22
2023,2,23,289.98,2023-02-23
2023,2,24,221.99,2023-02-24
2023,2,25,743.98,2023-02-25
2023,2,26,0.0,2023-02-26
2023,2,27,0.0,2023-02-27
2023,2,28,129.99,2023-02-28
2023,3,1,495.98,2023-03-01
2023,3,2,0.0,2023-03-02
2023,3,3,1281.9,2023-03-03
2023,3,4,1453.86,2023-03-04
2023,3,5,0.0,2023-03-05
2023,3,6,470.95,2023-03-06
2023,3,7,432.96,2023-03-07
2023,3,8,418.99,2023-03-08
2023,3,9,372.0,2023-03-09
2023,3,10,728.97,2023-03-10
2023,3,11,0.0,2023-03-11
2023,3,12,0.0,2023-03-12
2023,3,13,1633.93,2023-03-13
2023,3,14,734.94,2023-03-14
2023,3,15,702.96,2023-03-15
2023,3,16,150.98,2023-03-16
2023,3,17,958.94,2023-03-17
2023,3,18,1081.74,2023-03-18
2023,3,19,0.0,2023-03-19
2023,3,20,530.96,2023-03-20
2023,3,21,515.98,2023-03-21
2023,3,22,194.99,2023-03-22
2023,3,23,0.0,2023-03-23
2023,3,24,1854.9,2023-03-24
2023,3,25,194.99,2023-03-25
2023,3,26,0.0,2023-03-26
2023,3,27,744.96,2023-03-27
2023,3,28,259.97,2023-03-28
2023,3,29,947.93,2023-03-29
2023,3,30,1065.0,2023-03-30
2023,3,31,749.95,2023-03-31
2023,4,1,603.99,2023-04-01
2023,4,2,0.0,2023-04-02
2023,4,3,1211.93,2023-04-03
2023,4,4,345.98,2023-04-04
2023,4,5,440.94,2023-04-05
2023,4,6,1136.94,2023-04-06
2023,4,7,0.0,2023-04-07
2023,4,8,1157.99,2023-04-08
2023,4,9,0.0,2023-04-09
2023,4,10,605.92,2023-04-10
2023,4,11,0.0,2023-04-11
2023,4,12,354.99,2023-04-12
2023,4,13,646.96,2023-04-13
2023,4,14,277.99,2023-04-14
2023,4,15,435.97,2023-04-15
2023,4,16,0.0,2023-04-16
2023,4,17,319.98,2023-04-17
2023,4,18,384.97,2023-04-18
2023,4,19,433.99,2023-04-19
2023,4,20,0.0,2023-04-20
2023,4,21,0.0,2023-04-21
2023,4,22,814.97,2023-04-22
2023,4,23,0.0,2023-04-23
2023,4,24,0.0,2023-04-24
2023,4,25,647.93,2023-04-25
2023,4,26,943.88,2023-04-26
2023,4,27,0.0,2023-04-27
2023,4,28,657.87,2023-04-28
2023,4,29,408.97,2023-04-29
2023,4,30,0.0,2023-04-30
2023,5,1,0.0,2023-05-01
2023,5,2,649.97,2023-05-02
2023,5,3,0.0,2023-05-03
2023,5,4,779.96,2023-05-04
2023,5,5,837.91,2023-05-05
2023,5,6,948.92,2023-05-06
2023,5,7,0.0,2023-05-07
2023,5,8,0.0,2023-05-08
2023,5,9,2439.76,2023-05-09
2023,5,10,439.98,2023-05-10
2023,5,11,455.97,2023-05-11
2023,5,12,0.0,2023-05-12
2023,5,13,1839.91,2023-05-13
2023,5,14,0.0,2023-05-14
2023,5,15,0.0,2023-05-15
2023,5,16,319.97,2023-05-16
2023,5,17,469.96,2023-05-17
2023,5,18,0.0,2023-05-18
2023,5,19,804.92,2023-05-19
2023,5,20,845.99,2023-05-20
2023,5,21,0.0,2023-05-21
2023,5,22,858.97,2023-05-22
2023,5,23,154.99,2023-05-23
2023,5,24,165.99,2023-05-24
2023,5,25,625.98,2023-05-25
2023,5,26,0.0,2023-05-26
2023,5,27,1077.97,2023-05-27
2023,5,28,0.0,2023-05-28
2023,5,29,369.98,2023-05-29
2023,5,30,249.99,2023-05-30
2023,5,31,389.98,2023-05-31
2023,6,1,649.97,2023-06-01
2023,6,2,1269.97,2023-06-02
2023,6,3,0.0,2023-06-03
2023,6,4,0.0,2023-06-04
2023,6,5,0.0,2023-06-05
2023,6,6,0.0,2023-06-06
2023,6,7,1024.86,2023-06-07
2023,6,8,0.0,2023-06-08
2023,6,9,1284.98,2023-06-09
2023,6,10,0.0,2023-06-10
2023,6,11,0.0,2023-06-11
2023,6,12,2692.83,2023-06-12
2023,6,13,0.0,2023-06-13
2023,6,14,2478.84,2023-06-14
2023,6,15,1842.84,2023-06-15
2023,6,16,991.97,2023-06-16
2023,6,17,1425.94,2023-06-17
2023,6,18,0.0,2023-06-18
2023,6,19,1246.85,2023-06-19
2023,6,20,842.93,2023-06-20
2023,6,21,0.0,2023-06-21
2023,6,22,0.0,2023-06-22
2023,6,23,1771.82,2023-06-23
2023,6,24,995.96,2023-06-24
2023,6,25,0.0,2023-06-25
2023,6,26,714.94,2023-06-26
2023,6,27,299.98,2023-06-27
2023,6,28,0.0,2023-06-28
2023,6,29,1940.9,2023-06-29
2023,6,30,1015.95,2023-06-30
2023,7,1,1156.94,2023-07-01
2023,7,2,0.0,2023-07-02
2023,7,3,144.99,2023-07-03
2023,7,4,894.96,2023-07-04
2023,7,5,1895.95,2023-07-05
2023,7,6,873.87,2023-07-06
2023,7,7,0.0,2023-07-07
2023,7,8,0.0,2023-07-08
2023,7,9,0.0,2023-07-09
2023,7,10,0.0,2023-07-10
2023,7,11,2794.92,2023-07-11
2023,7,12,845.96,2023-07-12
2023,7,13,856.87,2023-07-13
2023,7,14,1465.74,2023-07-14
2023,7,15,1028.93,2023-07-15
2023,7,16,0.0,2023-07-16
2023,7,17,909.96,2023-07-17
2023,7,18,1311.86,2023-07-18
2023,7,19,535.96,2023-07-19
2023,7,20,619.96,2023-07-20
2023,7,21,995.95,2023-07-21
2023,7,22,1050.95,2023-07-22
2023,7,23,0.0,2023-07-23
2023,7,24,0.0,2023-07-24
2023,7,25,0.0,2023-07-25
2023,7,26,1209.95,2023-07-26
2023,7,27,572.98,2023-07-27
2023,7,28,744.96,2023-07-28
2023,7,29,644.97,2023-07-29
2023,7,30,0.0,2023-07-30
2023,7,31,893.86,2023-07-31
2023,8,1,0.0,2023-08-01
2023,8,2,1126.89,2023-08-02
2023,8,3,764.95,2023-08-03
2023,8,4,1047.92,2023-08-04
2023,8,5,0.0,2023-08-05
2023,8,6,0.0,2023-08-06
2023,8,7,1958.91,2023-08-07
2023,8,8,394.99,2023-08-08
2023,8,9,926.95,2023-08-09
2023,8,10,0.0,2023-08-10
2023,8,11,935.87,2023-08-11
2023,8,12,875.95,2023-08-12
2023,8,13,0.0,2023-08-13
2023,8,14,0.0,2023-08-14
2023,8,15,1654.94,2023-08-15
2023,8,16,1105.97,2023-08-16
2023,8,17,852.85,2023-08-17
2023,8,18,302.98,2023-08-18
2023,8,19,1421.93,2023-08-19
2023,8,20,0.0,2023-08-20
2023,8,21,460.97,2023-08-21
2023,8,22,0.0,2023-08-22
2023,8,23,319.98,2023-08-23
2023,8,24,0.0,2023-08-24
2023,8,25,758.0,2023-08-25
2023,8,26,933.97,2023-08-26
2023,8,27,0.0,2023-08-27
2023,8,28,0.0,2023-08-28
2023,8,29,1074.95,2023-08-29
2023,8,30,632.95,2023-08-30
2023,8,31,0.0,2023-08-31
2023,9,1,0.0,2023-09-01
2023,9,2,0.0,2023-09-02
2023,9,3,0.0,2023-09-03
2023,9,4,1820.89,2023-09-04
2023,9,5,744.96,2023-09-05
2023,9,6,800.98,2023-09-06
2023,9,7,0.0,2023-09-07
2023,9,8,1369.92,2023-09-08
2023,9,9,239.98,2023-09-09
2023,9,10,0.0,2023-09-10
2023,9,11,2067.93,2023-09-11
2023,9,12,584.98,2023-09-12
2023,9,13,0.0,2023-09-13
2023,9,14,1741.94,2023-09-14
2023,9,15,984.97,2023-09-15
2023,9,16,1604.92,2023-09-16
2023,9,17,0.0,2023-09-17
2023,9,18,547.98,2023-09-18
2023,9,19,518.97,2023-09-19
2023,9,20,0.0,2023-09-20
2023,9,21,687.94,2023-09-21
2023,9,22,824.93,2023-09-22
2023,9,23,893.95,2023-09-23
2023,9,24,0.0,2023-09-24
2023,9,25,590.96,2023-09-25
2023,9,26,831.75,2023-09-26
2023,9,27,379.98,2023-09-27
2023,9,28,811.93,2023-09-28
2023,9,29,565.88,2023-09-29
2023,9,30,511.77,2023-09-30
2023,10,1,0.0,2023-10-01
2023,10,2,0.0,2023-10-02
2023,10,3,339.97,2023-10-03
2023,10,4,665.83,2023-10-04
2023,10,5,439.88,2023-10-05
2023,10,6,0.0,2023-10-06
2023,10,7,2674.27,2023-10-07
2023,10,8,0.0,2023-10-08
2023,10,9,421.99,2023-10-09
2023,10,10,1031.83,2023-10-10
2023,10,11,0.0,2023-10-11
2023,10,12,0.0,2023-10-12
2023,10,13,2993.2,2023-10-13
2023,10,14,698.96,2023-10-14
2023,10,15,0.0,2023-10-15
2023,10,16,755.95,2023-10-16
2023,10,17,565.94,2023-10-17
2023,10,18,734.97,2023-10-18
2023,10,19,469.97,2023-10-19
2023,10,20,489.98,2023-10-20
2023,10,21,1881.7,2023-10-21
2023,10,22,0.0,2023-10-22
2023,10,23,786.84,2023-10-23
2023,10,24,0.0,2023-10-24
2023,10,25,1550.81,2023-10-25
2023,10,26,1160.0,2023-10-26
2023,10,27,555.94,2023-10-27
2023,10,28,1396.94,2023-10-28
2023,10,29,0.0,2023-10-29
2023,10,30,521.97,2023-10-30
2023,10,31,1206.93,2023-10-31
2023,11,1,1032.89,2023-11-01
2023,11,2,0.0,2023-11-02
2023,11,3,535.97,2023-11-03
2023,11,4,1260.8,2023-11-04
2023,11,5,0.0,2023-11-05
2023,11,6,344.99,2023-11-06
2023,11,7,490.99,2023-11-07
2023,11,8,299.9,2023-11-08
2023,11,9,627.9,2023-11-09
2023,11,10,0.0,2023-11-10
2023,11,11,0.0,2023-11-11
2023,11,12,0.0,2023-11-12
2023,11,13,2105.81,2023-11-13
2023,11,14,0.0,2023-11-14
2023,11,15,0.0,2023-11-15
2023,11,16,0.0,2023-11-16
2023,11,17,0.0,2023-11-17
2023,11,18,4225.08,2023-11-18
2023,11,19,0.0,2023-11-19
2023,11,20,394.98,2023-11-20
2023,11,21,0.0,2023-11-21
2023,11,22,1139.99,2023-11-22
2023,11,23,414.98,2023-11-23
2023,11,24,448.98,2023-11-24
2023,11,25,3109.63,2023-11-25
2023,11,26,0.0,2023-11-26
2023,11,27,259.98,2023-11-27
2023,11,28,651.86,2023-11-28
2023,11,29,779.98,2023-11-29
2023,11,30,454.99,2023-11-30
2023,12,1,1395.92,2023-12-01
2023,12,2,0.0,2023-12-02
2023,12,3,0.0,2023-12-03
2023,12,4,1762.99,2023-12-04
2023,12,5,697.97,2023-12-05
2023,12,6,929.97,2023-12-06
2023,12,7,1636.99,2023-12-07
2023,12,8,1598.92,2023-12-08
2023,12,9,3951.52,2023-12-09
2023,12,10,0.0,2023-12-10
2023,12,11,1264.93,2023-12-11
2023,12,12,50.0,2023-12-12
2023,12,13,0.0,2023-12-13
2023,12,14,8670.26,2023-12-14
2023,12,15,229.97,2023-12-15
2023,12,16,0.0,2023-12-16
2023,12,17,0.0,2023-12-17
2023,12,18,1774.88,2023-12-18
2023,12,19,214.99,2023-12-19
2023,12,20,139.99,2023-12-20
2023,12,21,4259.56,2023-12-21
2023,12,22,7907.15,2023-12-22
2023,12,23,11985.54,2023-12-23
2023,12,24,1486.89,2023-12-24
2023,12,25,0.0,2023-12-25
2023,12,26,3033.75,2023-12-26
2023,12,27,1185.91,2023-12-27
2023,12,28,0.0,2023-12-28
2023,12,29,2786.76,2023-12-29
2023,12,30,6420.44,2023-12-30
2023,12,31,895.98,2023-12-31
2024,1,1,0.0,2024-01-01
2024,1,2,19.9,2024-01-02
2024,1,3,0.0,2024-01-03
2024,1,4,0.0,2024-01-04
2024,1,5,1415.77,2024-01-05
2024,1,6,819.99,2024-01-06
2024,1,7,0.0,2024-01-07
2024,1,8,199.99,2024-01-08
2024,1,9,0.0,2024-01-09
2024,1,10,1068.96,2024-01-10
2024,1,11,533.94,2024-01-11
2024,1,12,280.98,2024-01-12
2024,1,13,655.94,2024-01-13
2024,1,14,0.0,2024-01-14
2024,1,15,213.98,2024-01-15
2024,1,16,272.9,2024-01-16
2024,1,17,123.0,2024-01-17
2024,1,18,95.0,2024-01-18
2024,1,19,843.95,2024-01-19
2024,1,20,95.0,2024-01-20
2024,1,21,0.0,2024-01-21
2024,1,22,95.0,2024-01-22
2024,1,23,636.96,2024-01-23
2024,1,24,193.0,2024-01-24
2024,1,25,594.93,2024-01-25
2024,1,26,359.99,2024-01-26
2024,1,27,593.98,2024-01-27
2024,1,28,0.0,2024-01-28
2024,1,29,826.87,2024-01-29
2024,1,30,215.96,2024-01-30
2024,1,31,609.98,2024-01-31
2024,2,1,0.0,2024-02-01
2024,2,2,744.87,2024-02-02
2024,2,3,909.95,2024-02-03
2024,2,4,0.0,2024-02-04
2024,2,5,639.97,2024-02-05
2024,2,6,0.0,2024-02-06
2024,2,7,942.48,2024-02-07
2024,2,8,594.99,2024-02-08
2024,2,9,199.0,2024-02-09
2024,2,10,793.97,2024-02-10
2024,2,11,0.0,2024-02-11
2024,2,12,411.97,2024-02-12
2024,2,13,0.0,2024-02-13
2024,2,14,109.99,2024-02-14
2024,2,15,1124.84,2024-02-15
2024,2,16,539.9,2024-02-16
2024,2,17,852.97,2024-02-17
2024,2,18,0.0,2024-02-18
2024,2,19,59.99,2024-02-19
2024,2,20,530.96,2024-02-20
2024,2,21,597.93,2024-02-21
2024,2,22,324.98,2024-02-22
2024,2,23,836.95,2024-02-23
2024,2,24,967.93,2024-02-24
2024,2,25,0.0,2024-02-25
2024,2,26,650.94,2024-02-26
2024,2,27,89.99,2024-02-27
2024,2,28,445.98,2024-02-28
2024,2,29,371.97,2024-02-29
2024,3,1,115.0,2024-03-01
2024,3,2,640.85,2024-03-02
2024,3,3,0.0,2024-03-03
2024,3,4,199.98,2024-03-04
2024,3,5,363.0,2024-03-05
2024,3,6,405.98,2024-03-06
2024,3,7,0.0,2024-03-07
2024,3,8,488.98,2024-03-08
2024,3,9,286.98,2024-03-09
2024,3,10,0.0,2024-03-10
2024,3,11,388.0,2024-03-11
2024,3,12,129.98,2024-03-12
2024,3,13,119.99,2024-03-13
2024,3,14,340.0,2024-03-14
2024,3,15,868.9,2024-03-15
2024,3,16,1047.92,2024-03-16
2024,3,17,0.0,2024-03-17
2024,3,18,100.0,2024-03-18
2024,3,19,95.0,2024-03-19
2024,3,20,251.99,2024-03-20
2024,3,21,936.99,2024-03-21
2024,3,22,325.88,2024-03-22
2024,3,23,1418.97,2024-03-23
2024,3,24,0.0,2024-03-24
2024,3,25,411.98,2024-03-25
2024,3,26,150.0,2024-03-26
2024,3,27,95.0,2024-03-27
2024,3,28,355.87,2024-03-28
2024,3,29,0.0,2024-03-29
2024,3,30,0.0,2024-03-30
2024,3,31,0.0,2024-03-31
2024,4,1,0.0,2024-04-01
2024,4,2,1275.95,2024-04-02
2024,4,3,582.98,2024-04-03
2024,4,4,25.99,2024-04-04
2024,4,5,0.0,2024-04-05
2024,4,6,778.98,2024-04-06
2024,4,7,0.0,2024-04-07
2024,4,8,409.97,2024-04-08
2024,4,9,641.98,2024-04-09
2024,4,10,0.0,2024-04-10
2024,4,11,1010.94,2024-04-11
2024,4,12,2039.88,2024-04-12
2024,4,13,6046.95,2024-04-13
2024,4,14,0.0,2024-04-14
2024,4,15,1217.97,2024-04-15
2024,4,16,1141.96,2024-04-16
2024,4,17,1958.87,2024-04-17
2024,4,18,95.0,2024-04-18
2024,4,19,846.92,2024-04-19
2024,4,20,0.0,2024-04-20
2024,4,21,0.0,2024-04-21
2024,4,22,1141.96,2024-04-22
2024,4,23,165.98,2024-04-23
2024,4,24,574.95,2024-04-24
2024,4,25,0.0,2024-04-25
2024,4,26,784.98,2024-04-26
2024,4,27,729.97,2024-04-27
2024,4,28,0.0,2024-04-28
2024,4,29,0.0,2024-04-29
2024,4,30,0.0,2024-04-30
2024,5,1,0.0,2024-05-01
2024,5,2,1446.95,2024-05-02
2024,5,3,357.98,2024-05-03
2024,5,4,925.96,2024-05-04
2024,5,5,0.0,2024-05-05
2024,5,6,138.97,2024-05-06
2024,5,7,1000.95,2024-05-07
2024,5,8,309.97,2024-05-08
2024,5,9,394.99,2024-05-09
2024,5,10,667.95,2024-05-10
2024,5,11,2735.94,2024-05-11
2024,5,12,0.0,2024-05-12
2024,5,13,99.99,2024-05-13
2024,5,14,807.97,2024-05-14
2024,5,15,442.99,2024-05-15
2024,5,16,287.98,2024-05-16
2024,5,17,944.99,2024-05-17
2024,5,18,0.0,2024-05-18
2024,5,19,0.0,2024-05-19
2024,5,20,1696.96,2024-05-20
2024,5,21,145.99,2024-05-21
2024,5,22,1234.99,2024-05-22
2024,5,23,749.99,2024-05-23
2024,5,24,720.39,2024-05-24
2024,5,25,1351.8,2024-05-25
2024,5,26,0.0,2024-05-26
2024,5,27,274.97,2024-05-27
2024,5,28,1567.0,2024-05-28
2024,5,29,554.98,2024-05-29
2024,5,30,0.0,2024-05-30
2024,5,31,1715.95,2024-05-31
2024,6,1,684.98,2024-06-01
2024,6,2,0.0,2024-06-02
2024,6,3,145.0,2024-06-03
2024,6,4,199.99,2024-06-04
2024,6,5,973.98,2024-06-05
2024,6,6,907.93,2024-06-06
2024,6,7,354.99,2024-06-07
2024,6,8,1360.9,2024-06-08
2024,6,9,0.0,2024-06-09
2024,6,10,647.97,2024-06-10
2024,6,11,993.96,2024-06-11
2024,6,12,1093.0,2024-06-12
2024,6,13,0.0,2024-06-13
2024,6,14,764.96,2024-06-14
2024,6,15,1511.88,2024-06-15
2024,6,16,0.0,2024-06-16
2024,6,17,268.0,2024-06-17
2024,6,18,426.98,2024-06-18
2024,6,19,119.99,2024-06-19
2024,6,20,95.0,2024-06-20
2024,6,21,0.0,2024-06-21
2024,6,22,0.0,2024-06-22
2024,6,23,0.0,2024-06-23
2024,6,24,2602.31,2024-06-24
2024,6,25,0.0,2024-06-25
2024,6,26,489.95,2024-06-26
2024,6,27,332.98,2024-06-27
2024,6,28,909.95,2024-06-28
2024,6,29,789.97,2024-06-29
2024,6,30,0.0,2024-06-30
2024,7,1,79.99,2024-07-01
2024,7,2,1382.98,2024-07-02
2024,7,3,85.0,2024-07-03
2024,7,4,467.99,2024-07-04
2024,7,5,1953.92,2024-07-05
2024,7,6,2477.97,2024-07-06
2024,7,7,0.0,2024-07-07
2024,7,8,169.98,2024-07-08
2024,7,9,312.98,2024-07-09
2024,7,10,1135.47,2024-07-10
2024,7,11,534.95,2024-07-11
2024,7,12,0.0,2024-07-12
2024,7,13,4719.73,2024-07-13
2024,7,14,0.0,2024-07-14
2024,7,15,1694.95,2024-07-15
2024,7,16,837.96,2024-07-16
2024,7,17,328.99,2024-07-17
2024,7,18,399.97,2024-07-18
2024,7,19,1019.95,2024-07-19
2024,7,20,1216.95,2024-07-20
2024,7,21,0.0,2024-07-21
2024,7,22,395.96,2024-07-22
2024,7,23,361.97,2024-07-23
2024,7,24,269.99,2024-07-24
2024,7,25,376.0,2024-07-25
2024,7,26,1322.79,2024-07-26
2024,7,27,569.98,2024-07-27
2024,7,28,0.0,2024-07-28
2024,7,29,429.97,2024-07-29
2024,7,30,0.0,2024-07-30
2024,7,31,477.0,2024-07-31
2024,8,1,1428.96,2024-08-01
2024,8,2,1084.97,2024-08-02
2024,8,3,797.0,2024-08-03
2024,8,4,0.0,2024-08-04
2024,8,5,122.98,2024-08-05
2024,8,6,152.0,2024-08-06
2024,8,7,0.0,2024-08-07
2024,8,8,216.98,2024-08-08
2024,8,9,160.0,2024-08-09
2024,8,10,3062.86,2024-08-10
2024,8,11,0.0,2024-08-11
2024,8,12,207.89,2024-08-12
2024,8,13,514.99,2024-08-13
2024,8,14,0.0,2024-08-14
2024,8,15,338.98,2024-08-15
2024,8,16,1398.94,2024-08-16
2024,8,17,1119.96,2024-08-17
2024,8,18,0.0,2024-08-18
2024,8,19,0.0,2024-08-19
2024,8,20,361.98,2024-08-20
2024,8,21,952.97,2024-08-21
2024,8,22,936.98,2024-08-22
2024,8,23,671.98,2024-08-23
2024,8,24,756.95,2024-08-24
2024,8,25,0.0,2024-08-25
2024,8,26,0.0,2024-08-26
2024,8,27,50.0,2024-08-27
2024,8,28,0.0,2024-08-28
2024,8,29,777.86,2024-08-29
2024,8,30,876.99,2024-08-30
2024,8,31,946.97,2024-08-31
2024,9,1,0.0,2024-09-01
2024,9,2,169.99,2024-09-02
2024,9,3,819.99,2024-09-03
2024,9,4,384.99,2024-09-04
2024,9,5,0.0,2024-09-05
2024,9,6,2521.29,2024-09-06
2024,9,7,945.97,2024-09-07
2024,9,8,0.0,2024-09-08
2024,9,9,0.0,2024-09-09
2024,9,10,1677.92,2024-09-10
2024,9,11,1683.91,2024-09-11
2024,9,12,0.0,2024-09-12
2024,9,13,1452.75,2024-09-13
2024,9,14,2446.95,2024-09-14
2024,9,15,0.0,2024-09-15
2024,9,16,920.97,2024-09-16
2024,9,17,0.0,2024-09-17
2024,9,18,784.93,2024-09-18
2024,9,19,0.0,2024-09-19
2024,9,20,1803.93,2024-09-20
2024,9,21,839.94,2024-09-21
2024,9,22,70.0,2024-09-22
2024,9,23,0.0,2024-09-23
2024,9,24,1140.97,2024-09-24
2024,9,25,0.0,2024-09-25
2024,9,26,443.0,2024-09-26
2024,9,27,1101.84,2024-09-27
2024,9,28,2777.8,2024-09-28
2024,9,29,0.0,2024-09-29
2024,9,30,371.0,2024-09-30
2024,10,1,0.0,2024-10-01
2024,10,2,0.0,2024-10-02
2024,10,3,162.99,2024-10-03
2024,10,4,4348.73,2024-10-04
2024,10,5,2643.93,2024-10-05
2024,10,6,0.0,2024-10-06
2024,10,7,267.99,2024-10-07
2024,10,8,979.99,2024-10-08
2024,10,9,778.81,2024-10-09
2024,10,10,624.99,2024-10-10
2024,10,11,1832.98,2024-10-11
2024,10,12,3843.92,2024-10-12
2024,10,13,0.0,2024-10-13
2024,10,14,0.0,2024-10-14
2024,10,15,1828.92,2024-10-15
2024,10,16,0.0,2024-10-16
2024,10,17,0.0,2024-10-17
2024,10,18,1891.7,2024-10-18
2024,10,19,0.0,2024-10-19
2024,10,20,0.0,2024-10-20
2024,10,21,0.0,2024-10-21
2024,10,22,3227.88,2024-10-22
2024,10,23,409.99,2024-10-23
2024,10,24,1180.0,2024-10-24
2024,10,25,1693.97,2024-10-25
2024,10,26,1224.94,2024-10-26
2024,10,27,0.0,2024-10-27
2024,10,28,275.0,2024-10-28
2024,10,29,0.0,2024-10-29
2024,10,30,0.0,2024-10-30
2024,10,31,1695.96,2024-10-31
2024,11,1,948.97,2024-11-01
2024,11,2,863.96,2024-11-02
2024,11,3,0.0,2024-11-03
2024,11,4,1374.97,2024-11-04
2024,11,5,685.87,2024-11-05
2024,11,6,0.0,2024-11-06
2024,11,7,2891.95,2024-11-07
2024,11,8,0.0,2024-11-08
2024,11,9,5432.73,2024-11-09
2024,11,10,0.0,2024-11-10
2024,11,11,891.93,2024-11-11
2024,11,12,1335.85,2024-11-12
2024,11,13,1019.95,2024-11-13
2024,11,14,791.95,2024-11-14
2024,11,15,0.0,2024-11-15
2024,11,16,1335.92,2024-11-16
2024,11,17,0.0,2024-11-17
2024,11,18,490.96,2024-11-18
2024,11,19,679.97,2024-11-19
2024,11,20,0.0,2024-11-20
2024,11,21,1061.91,2024-11-21
2024,11,22,489.97,2024-11-22
2024,11,23,119.99,2024-11-23
2024,11,24,2334.89,2024-11-24
2024,11,25,419.99,2024-11-25
2024,11,26,749.0,2024-11-26
2024,11,27,849.99,2024-11-27
2024,11,28,1320.95,2024-11-28
2024,11,29,1929.95,2024-11-29
2024,11,30,2848.87,2024-11-30
2024,12,1,0.0,2024-12-01
2024,12,2,478.99,2024-12-02
2024,12,3,1643.88,2024-12-03
2024,12,4,2319.96,2024-12-04
2024,12,5,245.0,2024-12-05
2024,12,6,2374.88,2024-12-06
2024,12,7,4853.29,2024-12-07
2024,12,8,0.0,2024-12-08
2024,12,9,1131.94,2024-12-09
2024,12,10,1872.94,2024-12-10
2024,12,11,3100.85,2024-12-11
2024,12,12,1704.87,2024-12-12
2024,12,13,3132.93,2024-12-13
2024,12,14,3661.83,2024-12-14
2024,12,15,0.0,2024-12-15
2024,12,16,1196.99,2024-12-16
2024,12,17,4021.66,2024-12-17
2024,12,18,3978.9,2024-12-18
2024,12,19,2969.79,2024-12-19
2024,12,20,1553.91,2024-12-20
2024,12,21,5442.77,2024-12-21
2024,12,22,1232.93,2024-12-22
2024,12,23,9090.87,2024-12-23
2024,12,24,11538.49,2024-12-24
2024,12,25,0.0,2024-12-25
2024,12,26,1932.96,2024-12-26
2024,12,27,2865.8,2024-12-27
2024,12,28,5884.75,2024-12-28
2024,12,29,0.0,2024-12-29
2024,12,30,0.0,2024-12-30
2024,12,31,6546.69,2024-12-31
2025,1,1,0.0,2025-01-01
2025,1,2,901.96,2025-01-02
2025,1,3,872.96,2025-01-03
2025,1,4,0.0,2025-01-04
2025,1,5,0.0,2025-01-05
2025,1,6,897.95,2025-01-06
2025,1,7,0.0,2025-01-07
2025,1,8,609.94,2025-01-08
2025,1,9,0.0,2025-01-09
2025,1,10,1131.92,2025-01-10
2025,1,11,0.0,2025-01-11
2025,1,12,5099.61,2025-01-12
2025,1,13,2347.9,2025-01-13
2025,1,14,1181.95,2025-01-14
2025,1,15,1824.9,2025-01-15
2025,1,16,1387.94,2025-01-16
2025,1,17,2356.89,2025-01-17
2025,1,18,4466.7,2025-01-18
2025,1,19,0.0,2025-01-19
2025,1,20,1043.84,2025-01-20
2025,1,21,1169.97,2025-01-21
2025,1,22,2063.89,2025-01-22
2025,1,23,1953.89,2025-01-23
2025,1,24,1750.95,2025-01-24
2025,1,25,1630.93,2025-01-25
2025,1,26,0.0,2025-01-26
2025,1,27,788.97,2025-01-27
2025,1,28,1112.96,2025-01-28
2025,1,29,0.0,2025-01-29
2025,1,30,2319.93,2025-01-30
2025,1,31,1402.94,2025-01-31
2025,2,1,2746.91,2025-02-01
2025,2,2,0.0,2025-02-02
2025,2,3,2010.94,2025-02-03
2025,2,4,385.98,2025-02-04
2025,2,5,2922.94,2025-02-05
2025,2,6,3270.83,2025-02-06
2025,2,7,3636.73,2025-02-07
2025,2,8,5302.84,2025-02-08
2025,2,9,0.0,2025-02-09
2025,2,10,1623.94,2025-02-10
2025,2,11,1478.91,2025-02-11
2025,2,12,687.87,2025-02-12
2025,2,13,2154.88,2025-02-13
2025,2,14,668.83,2025-02-14
2025,2,15,2380.72,2025-02-15
2025,2,16,0.0,2025-02-16
2025,2,17,3247.83,2025-02-17
2025,2,18,384.97,2025-02-18
2025,2,19,475.98,2025-02-19
2025,2,20,351.99,2025-02-20
2025,2,21,1984.92,2025-02-21
2025,2,22,3985.77,2025-02-22
2025,2,23,0.0,2025-02-23
2025,2,24,1961.84,2025-02-24
2025,2,25,249.98,2025-02-25
2025,2,26,568.97,2025-02-26
2025,2,27,986.92,2025-02-27
2025,2,28,3147.88,2025-02-28
2025,3,1,1075.94,2025-03-01
2025,3,2,0.0,2025-03-02
2025,3,3,1138.98,2025-03-03
2025,3,4,0.0,2025-03-04
2025,3,5,763.95,2025-03-05
2025,3,6,1052.85,2025-03-06
2025,3,7,1225.96,2025-03-07
2025,3,8,2469.88,2025-03-08
2025,3,9,0.0,2025-03-09
2025,3,10,2432.89,2025-03-10
2025,3,11,2209.83,2025-03-11
2025,3,12,838.98,2025-03-12
2025,3,13,653.97,2025-03-13
2025,3,14,903.96,2025-03-14
2025,3,15,2386.92,2025-03-15
2025,3,16,0.0,2025-03-16
2025,3,17,380.0,2025-03-17
2025,3,18,739.93,2025-03-18
2025,3,19,527.46,2025-03-19
2025,3,20,660.94,2025-03-20
2025,3,21,239.99,2025-03-21
2025,3,22,1529.79,2025-03-22
2025,3,23,0.0,2025-03-23
2025,3,24,259.98,2025-03-24
2025,3,25,329.98,2025-03-25
2025,3,26,1034.96,2025-03-26
2025,3,27,941.97,2025-03-27
2025,3,28,1020.94,2025-03-28
2025,3,29,1985.91,2025-03-29
2025,3,30,0.0,2025-03-30
2025,3,31,615.93,2025-03-31
2025,4,1,532.98,2025-04-01
2025,4,2,140.0,2025-04-02
2025,4,3,504.98,2025-04-03
2025,4,4,944.84,2025-04-04
2025,4,5,2714.94,2025-04-05
2025,4,6,0.0,2025-04-06
2025,4,7,728.96,2025-04-07
2025,4,8,1098.97,2025-04-08
2025,4,9,682.0,2025-04-09
2025,4,10,614.96,2025-04-10
2025,4,11,0.0,2025-04-11
2025,4,12,2121.89,2025-04-12
2025,4,13,95.99,2025-04-13
2025,4,14,1202.93,2025-04-14
2025,4,15,799.94,2025-04-15
2025,4,16,1344.98,2025-04-16
2025,4,17,1085.95,2025-04-17
2025,4,18,0.0,2025-04-18
2025,4,19,0.0,2025-04-19
2025,4,20,0.0,2025-04-20
2025,4,21,0.0,2025-04-21
2025,4,22,2402.82,2025-04-22
2025,4,23,419.95,2025-04-23
2025,4,24,110.0,2025-04-24
2025,4,25,185.98,2025-04-25
2025,4,26,1910.87,2025-04-26
2025,4,27,0.0,2025-04-27
2025,4,28,274.99,2025-04-28
2025,4,29,953.45,2025-04-29
2025,4,30,1779.91,2025-04-30
2025,5,1,409.98,2025-05-01
2025,5,2,765.99,2025-05-02
2025,5,3,1461.95,2025-05-03
2025,5,4,0.0,2025-05-04
2025,5,5,1344.92,2025-05-05
2025,5,6,369.98,2025-05-06
2025,5,7,1455.96,2025-05-07
2025,5,8,0.0,2025-05-08
2025,5,9,3501.83,2025-05-09
2025,5,10,4319.92,2025-05-10
2025,5,11,0.0,2025-05-11
2025,5,12,2361.64,2025-05-12
2025,5,13,850.0,2025-05-13
2025,5,14,2595.86,2025-05-14
2025,5,15,340.0,2025-05-15
2025,5,16,801.95,2025-05-16
2025,5,17,1040.99,2025-05-17
2025,5,18,0.0,2025-05-18
2025,5,19,704.97,2025-05-19
2025,5,20,750.99,2025-05-20
2025,5,21,555.95,2025-05-21
2025,5,22,369.89,2025-05-22
2025,5,23,1962.95,2025-05-23
2025,5,24,3617.89,2025-05-24
2025,5,25,0.0,2025-05-25
2025,5,26,1269.96,2025-05-26
2025,5,27,100.0,2025-05-27
2025,5,28,1364.7,2025-05-28
2025,5,29,875.97,2025-05-29
2025,5,30,2518.8,2025-05-30
2025,5,31,5331.71,2025-05-31
2025,6,1,0.0,2025-06-01
2025,6,2,1355.97,2025-06-02
2025,6,3,0.0,2025-06-03
2025,6,4,2739.81,2025-06-04
2025,6,5,3037.88,2025-06-05
2025,6,6,3357.79,2025-06-06
2025,6,7,3611.79,2025-06-07
2025,6,8,0.0,2025-06-08
2025,6,9,1671.89,2025-06-09
2025,6,10,1690.87,2025-06-10
2025,6,11,0.0,2025-06-11
2025,6,12,0.0,2025-06-12
2025,6,13,5610.79,2025-06-13
2025,6,14,3689.85,2025-06-14
2025,6,15,0.0,2025-06-15
2025,6,16,1963.96,2025-06-16
2025,6,17,808.95,2025-06-17
2025,6,18,1518.9,2025-06-18
2025,6,19,0.0,2025-06-19
2025,6,20,942.95,2025-06-20
2025,6,21,2093.91,2025-06-21
2025,6,22,0.0,2025-06-22
2025,6,23,484.97,2025-06-23
2025,6,24,1456.94,2025-06-24
2025,6,25,1605.95,2025-06-25
2025,6,26,784.97,2025-06-26
2025,6,27,1410.95,2025-06-27
2025,6,28,3897.88,2025-06-28
2025,6,29,0.0,2025-06-29
2025,6,30,3851.95,2025-06-30
2025,7,1,2529.93,2025-07-01
2025,7,2,1241.91,2025-07-02
2025,7,3,1599.93,2025-07-03
2025,7,4,3661.88,2025-07-04
2025,7,5,0.0,2025-07-05
2025,7,6,0.0,2025-07-06
2025,7,7,5040.76,2025-07-07
2025,7,8,2089.92,2025-07-08
2025,7,9,0.0,2025-07-09
2025,7,10,0.0,2025-07-10
2025,7,11,4437.73,2025-07-11
2025,7,12,0.0,2025-07-12
2025,7,13,3213.87,2025-07-13
2025,7,14,415.97,2025-07-14
2025,7,15,0.0,2025-07-15
2025,7,16,0.0,2025-07-16
2025,7,17,1604.9,2025-07-17
2025,7,18,0.0,2025-07-18
2025,7,19,5775.81,2025-07-19
2025,7,20,0.0,2025-07-20
2025,7,21,1523.93,2025-07-21
2025,7,22,429.98,2025-07-22
2025,7,23,725.96,2025-07-23
2025,7,24,723.98,2025-07-24
2025,7,25,2045.92,2025-07-25
2025,7,26,2526.91,2025-07-26
2025,7,27,0.0,2025-07-27
2025,7,28,718.97,2025-07-28
2025,7,29,629.97,2025-07-29
2025,7,30,991.98,2025-07-30
2025,7,31,405.96,2025-07-31
2025,8,1,3903.87,2025-08-01
2025,8,2,0.0,2025-08-02
2025,8,3,0.0,2025-08-03
2025,8,4,139.98,2025-08-04
2025,8,5,6757.8,2025-08-05
2025,8,6,2134.91,2025-08-06
2025,8,7,1324.99,2025-08-07
2025,8,8,0.0,2025-08-08
2025,8,9,8710.8,2025-08-09
2025,8,10,0.0,2025-08-10
2025,8,11,1938.93,2025-08-11
2025,8,12,1575.96,2025-08-12
2025,8,13,997.98,2025-08-13
2025,8,14,819.97,2025-08-14
2025,8,15,1598.86,2025-08-15
2025,8,16,1762.93,2025-08-16
2025,8,17,0.0,2025-08-17
2025,8,18,782.96,2025-08-18
2025,8,19,804.99,2025-08-19
2025,8,20,544.96,2025-08-20
2025,8,21,0.0,2025-08-21
2025,8,22,2828.96,2025-08-22
2025,8,23,0.0,2025-08-23
2025,8,24,0.0,2025-08-24
2025,8,25,0.0,2025-08-25
2025,8,26,0.0,2025-08-26
2025,8,27,0.0,2025-08-27
2025,8,28,4817.9,2025-08-28
2025,8,29,1294.79,2025-08-29
2025,8,30,3910.89,2025-08-30
2025,8,31,0.0,2025-08-31
2025,9,1,1735.98,2025-09-01
2025,9,2,3355.92,2025-09-02
2025,9,3,0.0,2025-09-03
2025,9,4,1887.94,2025-09-04
2025,9,5,1579.94,2025-09-05
2025,9,6,2969.88,2025-09-06
2025,9,7,0.0,2025-09-07
2025,9,8,1148.95,2025-09-08
2025,9,9,885.94,2025-09-09
2025,9,10,880.95,2025-09-10
2025,9,11,0.0,2025-09-11
2025,9,12,2586.9,2025-09-12
2025,9,13,3480.84,2025-09-13
2025,9,14,0.0,2025-09-14
2025,9,15,0.0,2025-09-15
2025,9,16,0.0,2025-09-16
2025,9,17,1972.88,2025-09-17
2025,9,18,1187.99,2025-09-18
2025,9,19,2016.93,2025-09-19
2025,9,20,1926.89,2025-09-20
2025,9,21,0.0,2025-09-21
2025,9,22,724.95,2025-09-22
2025,9,23,163.0,2025-09-23
2025,9,24,1892.89,2025-09-24
2025,9,25,514.96,2025-09-25
2025,9,26,2822.83,2025-09-26
2025,9,27,972.93,2025-09-27
2025,9,28,0.0,2025-09-28
2025,9,29,1423.95,2025-09-29
2025,9,30,1239.97,2025-09-30
2025,10,1,439.97,2025-10-01
2025,10,2,0.0,2025-10-02
2025,10,3,3988.71,2025-10-03
2025,10,4,1887.77,2025-10-04
2025,10,5,0.0,2025-10-05
2025,10,6,507.0,2025-10-06
2025,10,7,2598.95,2025-10-07
2025,10,8,2534.93,2025-10-08
2025,10,9,0.0,2025-10-09
2025,10,10,2149.83,2025-10-10
2025,10,11,2629.86,2025-10-11
2025,10,12,0.0,2025-10-12
2025,10,13,0.0,2025-10-13
2025,10,14,3107.81,2025-10-14
2025,10,15,1999.92,2025-10-15
2025,10,16,1684.93,2025-10-16
2025,10,17,0.0,2025-10-17
2025,10,18,955.9,2025-10-18
2025,10,19,0.0,2025-10-19
2025,10,20,619.98,2025-10-20
2025,10,21,2627.87,2025-10-21
2025,10,22,2116.93,2025-10-22
2025,10,23,3251.79,2025-10-23
2025,10,24,0.0,2025-10-24
2025,10,25,4375.2,2025-10-25
2025,10,26,0.0,2025-10-26
2025,10,27,0.0,2025-10-27
2025,10,28,939.98,2025-10-28
2025,10,29,2153.85,2025-10-29
2025,10,30,2269.79,2025-10-30
2025,10,31,0.0,2025-10-31
2025,11,1,2549.88,2025-11-01
2025,11,2,0.0,2025-11-02
2025,11,3,2497.75,2025-11-03
2025,11,4,1908.95,2025-11-04
2025,11,5,0.0,2025-11-05
2025,11,6,4726.83,2025-11-06
2025,11,7,1569.96,2025-11-07
2025,11,8,3357.83,2025-11-08
2025,11,9,0.0,2025-11-09
2025,11,10,2762.8,2025-11-10
2025,11,11,1753.96,2025-11-11
2025,11,12,1838.37,2025-11-12
2025,11,13,901.97,2025-11-13
2025,11,14,2367.9,2025-11-14
2025,11,15,3385.88,2025-11-15
2025,11,16,0.0,2025-11-16
2025,11,17,2357.88,2025-11-17
2025,11,18,1594.93,2025-11-18
2025,11,19,679.97,2025-11-19
2025,11,20,0.0,2025-11-20
2025,11,21,1516.94,2025-11-21
2025,11,22,1420.89,2025-11-22
2025,11,23,0.0,2025-11-23
2025,11,24,1044.96,2025-11-24
2025,11,25,0.0,2025-11-25
2025,11,26,815.95,2025-11-26
2025,11,27,301.97,2025-11-27
2025,11,28,3835.87,2025-11-28
2025,11,29,3438.73,2025-11-29
2025,11,30,0.0,2025-11-30
2025,12,1,1840.92,2025-12-01
2025,12,2,733.98,2025-12-02
2025,12,3,1440.92,2025-12-03
2025,12,4,2787.88,2025-12-04
2025,12,5,4759.83,2025-12-05
2025,12,6,4065.78,2025-12-06
2025,12,7,0.0,2025-12-07
2025,12,8,0.0,2025-12-08
2025,12,9,5052.71,2025-12-09
2025,12,10,2499.9,2025-12-10
2025,12,11,2196.87,2025-12-11
2025,12,12,2918.84,2025-12-12
2025,12,13,7216.52,2025-12-13
2025,12,14,0.0,2025-12-14
2025,12,15,1229.98,2025-12-15
2025,12,16,1360.92,2025-12-16
2025,12,17,4820.81,2025-12-17
2025,12,18,5586.8,2025-12-18
2025,12,19,4044.77,2025-12-19
2025,12,20,7342.51,2025-12-20
2025,12,21,0.0,2025-12-21
2025,12,22,15909.95,2025-12-22
2025,12,23,6318.04,2025-12-23
2025,12,24,17055.14,2025-12-24
2025,12,25,0.0,2025-12-25
2025,12,26,0.0,2025-12-26
2025,12,27,2443.88,2025-12-27
2025,12,28,0.0,2025-12-28
2025,12,29,0.0,2025-12-29
2025,12,30,0.0,2025-12-30
2025,12,31,13770.27,2025-12-31
2026,1,1,0.0,2026-01-01
2026,1,2,0.0,2026-01-02
2026,1,3,5216.6,2026-01-03
2026,1,4,0.0,2026-01-04
2026,1,5,0.0,2026-01-05
2026,1,6,714.96,2026-01-06
2026,1,7,0.0,2026-01-07
2026,1,8,0.0,2026-01-08
2026,1,9,3192.87,2026-01-09
2026,1,10,2300.95,2026-01-10
2026,1,11,0.0,2026-01-11
2026,1,12,0.0,2026-01-12
2026,1,13,1608.97,2026-01-13
2026,1,14,0.0,2026-01-14
2026,1,15,0.0,2026-01-15
2026,1,16,1979.31,2026-01-16
2026,1,17,2731.94,2026-01-17
2026,1,18,0.0,2026-01-18
2026,1,19,1040.97,2026-01-19
2026,1,20,1006.95,2026-01-20
2026,1,21,0.0,2026-01-21
2026,1,22,3862.89,2026-01-22
2026,1,23,0.0,2026-01-23
2026,1,24,3688.82,2026-01-24
2026,1,25,0.0,2026-01-25
2026,1,26,1875.95,2026-01-26
2026,1,27,613.96,2026-01-27
2026,1,28,1930.84,2026-01-28
2026,1,29,1618.85,2026-01-29
2026,1,30,3395.69,2026-01-30
2026,1,31,4126.84,2026-01-31
2026,2,1,0.0,2026-02-01
2026,2,2,1101.99,2026-02-02
2026,2,3,1552.87,2026-02-03
2026,2,4,2802.85,2026-02-04
2026,2,5,2732.85,2026-02-05
2026,2,6,0.0,2026-02-06
2026,2,7,7126.31,2026-02-07
2026,2,8,0.0,2026-02-08
2026,2,9,3320.8,2026-02-09
2026,2,10,1539.85,2026-02-10
2026,2,11,1928.0,2026-02-11
2026,2,12,1631.92,2026-02-12
2026,2,13,1683.96,2026-02-13
2026,2,14,3501.87,2026-02-14
2026,2,15,0.0,2026-02-15
2026,2,16,4512.78,2026-02-16
2026,2,17,0.0,2026-02-17
2026,2,18,2070.92,2026-02-18
2026,2,19,2153.76,2026-02-19
2026,2,20,1517.97,2026-02-20
2026,2,21,5625.75,2026-02-21
2026,2,22,0.0,2026-02-22
2026,2,23,0.0,2026-02-23
2026,2,24,717.0,2026-02-24
2026,2,25,445.99,2026-02-25
2026,2,26,3157.79,2026-02-26
2026,2,27,1878.91,2026-02-27
2026,2,28,2001.98,2026-02-28
2026,3,1,0.0,2026-03-01
2026,3,2,2453.87,2026-03-02
2026,3,3,2808.76,2026-03-03
2026,3,4,3318.84,2026-03-04
2026,3,5,3231.91,2026-03-05
2026,3,6,2741.92,2026-03-06
2026,3,7,7285.69,2026-03-07
2026,3,8,0.0,2026-03-08
2026,3,9,2324.97,2026-03-09
2026,3,10,4554.86,2026-03-10
2026,3,11,2561.95,2026-03-11
2026,3,12,0.0,2026-03-12
2026,3,13,5640.85,2026-03-13
2026,3,14,3887.92,2026-03-14
2026,3,15,0.0,2026-03-15
2026,3,16,0.0,2026-03-16
2026,3,17,4783.75,2026-03-17
2026,3,18,3287.87,2026-03-18
2026,3,19,1645.92,2026-03-19
2026,3,20,1641.94,2026-03-20
2026,3,21,7112.59,2026-03-21
2026,3,22,0.0,2026-03-22
2026,3,23,5136.65,2026-03-23
2026,3,24,0.0,2026-03-24
2026,3,25,2405.92,2026-03-25
2026,3,26,0.0,2026-03-26
2026,3,27,7512.61,2026-03-27
2026,3,28,5962.81,2026-03-28
2026,3,29,0.0,2026-03-29
2026,3,30,1958.85,2026-03-30
2026,3,31,2017.96,2026-03-31
2026,4,1,2070.82,2026-04-01
2026,4,2,6582.78,2026-04-02
2026,4,3,0.0,2026-04-03
2026,4,4,7899.69,2026-04-04
2026,4,5,0.0,2026-04-05
2026,4,6,2461.88,2026-04-06
2026,4,7,2249.89,2026-04-07
2026,4,8,5085.78,2026-04-08
2026,4,9,2470.94,2026-04-09
2026,4,10,5294.93,2026-04-10
2026,4,11,8175.44,2026-04-11
2026,4,12,0.0,2026-04-12
2026,4,13,8862.68,2026-04-13
2026,4,14,2619.88,2026-04-14
2026,4,15,641.96,2026-04-15
2026,4,16,3499.86,2026-04-16
2026,4,17,5755.8,2026-04-17
2026,4,18,9303.62,2026-04-18
2026,4,19,0.0,2026-04-19
2026,4,20,5788.7,2026-04-20
2026,4,21,0.0,2026-04-21
2026,4,22,3067.87,2026-04-22
2026,4,23,2423.76,2026-04-23
2026,4,24,2606.9,2026-04-24
2026,4,25,9515.44,2026-04-25
2026,4,26,0.0,2026-04-26
2026,4,27,4320.7,2026-04-27
2026,4,28,1936.75,2026-04-28
2026,4,29,4024.85,2026-04-29
2026,4,30,2371.92,2026-04-30
2026,5,1,0.0,2026-05-01
2026,5,2,13465.54,2026-05-02
2026,5,3,0.0,2026-05-03
2026,5,4,3117.87,2026-05-04
2026,5,5,2371.85,2026-05-05
2026,5,6,6627.77,2026-05-06
2026,5,7,3581.82,2026-05-07
2026,5,8,8687.66,2026-05-08
2026,5,9,0.0,2026-05-09
2026,5,10,0.0,2026-05-10
2026,5,11,24450.1,2026-05-11
2026,5,12,3641.71,2026-05-12
2026,5,13,6940.71,2026-05-13
2026,5,14,5720.58,2026-05-14
2026,5,15,3381.94,2026-05-15
2026,5,16,8971.65,2026-05-16
2026,5,17,0.0,2026-05-17
2026,5,18,9249.63,2026-05-18
2026,5,19,0.0,2026-05-19
2026,5,20,13103.61,2026-05-20
2026,5,21,6033.69,2026-05-21
2026,5,22,0.0,2026-05-22
2026,5,23,18134.13,2026-05-23
2026,5,24,0.0,2026-05-24
2026,5,25,13526.46,2026-05-25
2026,5,26,2037.87,2026-05-26
2026,5,27,4187.84,2026-05-27
2026,5,28,0.0,2026-05-28
2026,5,29,11126.81,2026-05-29
2026,5,30,9134.65,2026-05-30
2026,5,31,0.0,2026-05-31
2026,6,1,0.0,2026-06-01
2026,6,2,7376.7,2026-06-02
2026,6,3,2744.56,2026-06-03
2026,6,4,0.0,2026-06-04
2026,6,5,9332.62,2026-06-05
2026,6,6,0.0,2026-06-06
2026,6,7,16119.62,2026-06-07
2026,6,8,5792.8,2026-06-08
2026,6,9,3506.91,2026-06-09
2026,6,10,8186.68,2026-06-10
2026,6,11,4994.8,2026-06-11
2026,6,12,0.0,2026-06-12
2026,6,13,26557.98,2026-06-13
2026,6,14,0.0,2026-06-14
2026,6,15,0.0,2026-06-15
2026,6,16,8684.6,2026-06-16
2026,6,17,4675.75,2026-06-17
2026,6,18,0.0,2026-06-18
2026,6,19,8920.63,2026-06-19
2026,6,20,0.0,2026-06-20
2026,6,21,0.0,2026-06-21
2026,6,22,0.0,2026-06-22
2026,6,23,21977.37,2026-06-23
2026,6,24,4026.84,2026-06-24
2026,6,25,8779.75,2026-06-25
2026,6,26,5308.74,2026-06-26
2026,6,27,10408.75,2026-06-27
2026,6,28,0.0,2026-06-28
2026,6,29,5812.88,2026-06-29
2026,6,30,6482.77,2026-06-30
2026,7,1,2174.91,2026-07-01
2026,7,2,1978.96,2026-07-02
2026,7,3,1261.94,2026-07-03
2026,7,4,8689.75,2026-07-04
2026,7,5,10876.51,2026-07-05
2026,7,6,6083.86,2026-07-06
2026,7,7,7925.64,2026-07-07
2026,7,8,8933.7,2026-07-08
2026,7,9,3044.92,2026-07-09
2026,7,10,0.0,2026-07-10
2026,7,11,17651.47,2026-07-11
2026,7,12,0.0,2026-07-12
2026,7,13,0.0,2026-07-13
2026,7,14,9860.53,2026-07-14
2026,7,15,0.0,2026-07-15
2026,7,16,9205.81,2026-07-16
2026,7,17,0.0,2026-07-17
2026,7,18,8803.6,2026-07-18
2026,7,19,0.0,2026-07-19
2026,7,20,0.0,2026-07-20
2026,7,21,10161.51,2026-07-21
2026,7,22,0.0,2026-07-22
2026,7,23,8344.75,2026-07-23
2026,7,24,0.0,2026-07-24
2026,7,25,17313.37,2026-07-25
2026,7,26,0.0,2026-07-26
2026,7,27,0.0,2026-07-27
2026,7,28,6973.62,2026-07-28
2026,7,29,0.0,2026-07-29
2026,7,30,0.0,2026-07-30
2026,7,31,14461.56,2026-07-31
2026,8,1,0.0,2026-08-01
